"area","region","state","year","area2nat","reg2area","state2reg"
"Alaska","Alaska","Alaska",2010,0.00230817765643023,1,1
"Alaska","Alaska","Alaska",2011,0.00231831609840703,1,1
"Alaska","Alaska","Alaska",2012,0.00232832752526365,1,1
"Alaska","Alaska","Alaska",2013,0.00233381675533851,1,1
"Alaska","Alaska","Alaska",2014,0.00231503344479342,1,1
"Alaska","Alaska","Alaska",2015,0.00230227697228482,1,1
"Alaska","Alaska","Alaska",2016,0.0022984831960937,1,1
"Alaska","Alaska","Alaska",2017,0.00227909125890072,1,1
"Alaska","Alaska","Alaska",2018,0.00225378796680984,1,1
"Alaska","Alaska","Alaska",2019,0.00223434686143302,1,1
"Alaska","Alaska","Alaska",2020,0.00221087316607245,1,1
"Alaska","Alaska","Alaska",2021,0.00221329698600457,1,1
"Alaska","Alaska","Alaska",2022,0.00220023673137688,1,1
"Alaska","Alaska","Alaska",2023,0.0021898279561439,1,1
"CONUS","Midwest","Illinois",2010,0.993282238409967,0.198127561135517,0.211166379044137
"CONUS","Midwest","Illinois",2011,0.993254100014371,0.197614739080175,0.211882235006792
"CONUS","Midwest","Illinois",2012,0.993226631718698,0.197110429143006,0.212589841431908
"CONUS","Midwest","Illinois",2013,0.993208731380316,0.196614421134812,0.213289340104258
"CONUS","Midwest","Illinois",2014,0.993239628074609,0.196126511730153,0.213980869577982
"CONUS","Midwest","Illinois",2015,0.993261096902985,0.195646504189441,0.214664565268087
"CONUS","Midwest","Illinois",2016,0.993278706769027,0.195197818040447,0.215214483432762
"CONUS","Midwest","Illinois",2017,0.993335593571164,0.194755603160512,0.215758949583911
"CONUS","Midwest","Illinois",2018,0.99339206369816,0.194319720552165,0.216298044400351
"CONUS","Midwest","Illinois",2019,0.993454090982677,0.193890035170372,0.216831846976865
"CONUS","Midwest","Illinois",2020,0.993411862558991,0.193466415783036,0.21736043486289
"CONUS","Midwest","Illinois",2021,0.993429680104089,0.193071513497547,0.21788022179184
"CONUS","Midwest","Illinois",2022,0.993480763941075,0.192682001287805,0.218395001263763
"CONUS","Midwest","Illinois",2023,0.993525089411147,0.192297769546999,0.218904845292084
"CONUS","Midwest","Indiana",2010,0.993282238409967,0.198127561135517,0.106710331243163
"CONUS","Midwest","Indiana",2011,0.993254100014371,0.197614739080175,0.107102925131936
"CONUS","Midwest","Indiana",2012,0.993226631718698,0.197110429143006,0.107490994761371
"CONUS","Midwest","Indiana",2013,0.993208731380316,0.196614421134812,0.107874617889898
"CONUS","Midwest","Indiana",2014,0.993239628074609,0.196126511730153,0.108253870504186
"CONUS","Midwest","Indiana",2015,0.993261096902985,0.195646504189441,0.108628826869317
"CONUS","Midwest","Indiana",2016,0.993278706769027,0.195197818040447,0.108927418941164
"CONUS","Midwest","Indiana",2017,0.993335593571164,0.194755603160512,0.109223050703425
"CONUS","Midwest","Indiana",2018,0.99339206369816,0.194319720552165,0.109515765962718
"CONUS","Midwest","Indiana",2019,0.993454090982677,0.193890035170372,0.109805607665569
"CONUS","Midwest","Indiana",2020,0.993411862558991,0.193466415783036,0.110092617919422
"CONUS","Midwest","Indiana",2021,0.993429680104089,0.193071513497547,0.110346985966661
"CONUS","Midwest","Indiana",2022,0.993480763941075,0.192682001287805,0.110598903515447
"CONUS","Midwest","Indiana",2023,0.993525089411147,0.192297769546999,0.110848405806977
"CONUS","Midwest","Iowa",2010,0.993282238409967,0.198127561135517,0.0501368720288293
"CONUS","Midwest","Iowa",2011,0.993254100014371,0.197614739080175,0.050114192681762
"CONUS","Midwest","Iowa",2012,0.993226631718698,0.197110429143006,0.0500917746919158
"CONUS","Midwest","Iowa",2013,0.993208731380316,0.196614421134812,0.0500696135673448
"CONUS","Midwest","Iowa",2014,0.993239628074609,0.196126511730153,0.0500477049184546
"CONUS","Midwest","Iowa",2015,0.993261096902985,0.195646504189441,0.0500260444551028
"CONUS","Midwest","Iowa",2016,0.993278706769027,0.195197818040447,0.0501092682197015
"CONUS","Midwest","Iowa",2017,0.993335593571164,0.194755603160512,0.0501916668850047
"CONUS","Midwest","Iowa",2018,0.99339206369816,0.194319720552165,0.0502732526608197
"CONUS","Midwest","Iowa",2019,0.993454090982677,0.193890035170372,0.0503540375172286
"CONUS","Midwest","Iowa",2020,0.993411862558991,0.193466415783036,0.0504340331904436
"CONUS","Midwest","Iowa",2021,0.993429680104089,0.193071513497547,0.0505224097873908
"CONUS","Midwest","Iowa",2022,0.993480763941075,0.192682001287805,0.0506099349931492
"CONUS","Midwest","Iowa",2023,0.993525089411147,0.192297769546999,0.050696621051777
"CONUS","Midwest","Michigan",2010,0.993282238409967,0.198127561135517,0.162664822011557
"CONUS","Midwest","Michigan",2011,0.993254100014371,0.197614739080175,0.162482334797823
"CONUS","Midwest","Michigan",2012,0.993226631718698,0.197110429143006,0.162301950570162
"CONUS","Midwest","Michigan",2013,0.993208731380316,0.196614421134812,0.16212363318456
"CONUS","Midwest","Michigan",2014,0.993239628074609,0.196126511730153,0.161947347320561
"CONUS","Midwest","Michigan",2015,0.993261096902985,0.195646504189441,0.161773058457943
"CONUS","Midwest","Michigan",2016,0.993278706769027,0.195197818040447,0.161639506677877
"CONUS","Midwest","Michigan",2017,0.993335593571164,0.194755603160512,0.161507278960477
"CONUS","Midwest","Michigan",2018,0.99339206369816,0.194319720552165,0.161376355712284
"CONUS","Midwest","Michigan",2019,0.993454090982677,0.193890035170372,0.161246717724532
"CONUS","Midwest","Michigan",2020,0.993411862558991,0.193466415783036,0.161118346163753
"CONUS","Midwest","Michigan",2021,0.993429680104089,0.193071513497547,0.160996146654988
"CONUS","Midwest","Michigan",2022,0.993480763941075,0.192682001287805,0.160875124376266
"CONUS","Midwest","Michigan",2023,0.993525089411147,0.192297769546999,0.160755262397564
"CONUS","Midwest","Minnesota",2010,0.993282238409967,0.198127561135517,0.087291930512205
"CONUS","Midwest","Minnesota",2011,0.993254100014371,0.197614739080175,0.087250916654685
"CONUS","Midwest","Minnesota",2012,0.993226631718698,0.197110429143006,0.0872103754416282
"CONUS","Midwest","Minnesota",2013,0.993208731380316,0.196614421134812,0.087170298749696
"CONUS","Midwest","Minnesota",2014,0.993239628074609,0.196126511730153,0.0871306786406435
"CONUS","Midwest","Minnesota",2015,0.993261096902985,0.195646504189441,0.0870915073560782
"CONUS","Midwest","Minnesota",2016,0.993278706769027,0.195197818040447,0.0870495070539282
"CONUS","Midwest","Minnesota",2017,0.993335593571164,0.194755603160512,0.0870079231523087
"CONUS","Midwest","Minnesota",2018,0.99339206369816,0.194319720552165,0.0869667494893305
"CONUS","Midwest","Minnesota",2019,0.993454090982677,0.193890035170372,0.0869259800240861
"CONUS","Midwest","Minnesota",2020,0.993411862558991,0.193466415783036,0.0868856088336946
"CONUS","Midwest","Minnesota",2021,0.993429680104089,0.193071513497547,0.0868543457691477
"CONUS","Midwest","Minnesota",2022,0.993480763941075,0.192682001287805,0.086823383882725
"CONUS","Midwest","Minnesota",2023,0.993525089411147,0.192297769546999,0.0867927188431126
"CONUS","Midwest","Missouri",2010,0.993282238409967,0.198127561135517,0.0985656847573577
"CONUS","Midwest","Missouri",2011,0.993254100014371,0.197614739080175,0.0985108603068499
"CONUS","Midwest","Missouri",2012,0.993226631718698,0.197110429143006,0.0984566676543379
"CONUS","Midwest","Missouri",2013,0.993208731380316,0.196614421134812,0.0984030959411119
"CONUS","Midwest","Missouri",2014,0.993239628074609,0.196126511730153,0.0983501345558825
"CONUS","Midwest","Missouri",2015,0.993261096902985,0.195646504189441,0.0982977731277741
"CONUS","Midwest","Missouri",2016,0.993278706769027,0.195197818040447,0.0982479214752924
"CONUS","Midwest","Missouri",2017,0.993335593571164,0.194755603160512,0.0981985640634106
"CONUS","Midwest","Missouri",2018,0.99339206369816,0.194319720552165,0.0981496935783637
"CONUS","Midwest","Missouri",2019,0.993454090982677,0.193890035170372,0.0981013028499834
"CONUS","Midwest","Missouri",2020,0.993411862558991,0.193466415783036,0.0980533848481917
"CONUS","Midwest","Missouri",2021,0.993429680104089,0.193071513497547,0.0979913114969768
"CONUS","Midwest","Missouri",2022,0.993480763941075,0.192682001287805,0.0979298361400965
"CONUS","Midwest","Missouri",2023,0.993525089411147,0.192297769546999,0.0978689501776528
"CONUS","Midwest","Ohio",2010,0.993282238409967,0.198127561135517,0.189867636801383
"CONUS","Midwest","Ohio",2011,0.993254100014371,0.197614739080175,0.189116159345409
"CONUS","Midwest","Ohio",2012,0.993226631718698,0.197110429143006,0.188373341929732
"CONUS","Midwest","Ohio",2013,0.993208731380316,0.196614421134812,0.187639035714269
"CONUS","Midwest","Ohio",2014,0.993239628074609,0.196126511730153,0.186913095250327
"CONUS","Midwest","Ohio",2015,0.993261096902985,0.195646504189441,0.186195378384558
"CONUS","Midwest","Ohio",2016,0.993278706769027,0.195197818040447,0.185527171022868
"CONUS","Midwest","Ohio",2017,0.993335593571164,0.194755603160512,0.184865588420657
"CONUS","Midwest","Ohio",2018,0.99339206369816,0.194319720552165,0.184210532544831
"CONUS","Midwest","Ohio",2019,0.993454090982677,0.193890035170372,0.183561907287061
"CONUS","Midwest","Ohio",2020,0.993411862558991,0.193466415783036,0.182919618416769
"CONUS","Midwest","Ohio",2021,0.993429680104089,0.193071513497547,0.182307563868872
"CONUS","Midwest","Ohio",2022,0.993480763941075,0.192682001287805,0.181701405654023
"CONUS","Midwest","Ohio",2023,0.993525089411147,0.192297769546999,0.18110105897566
"CONUS","Midwest","Wisconsin",2010,0.993282238409967,0.198127561135517,0.0935963436013674
"CONUS","Midwest","Wisconsin",2011,0.993254100014371,0.197614739080175,0.0935403760747431
"CONUS","Midwest","Wisconsin",2012,0.993226631718698,0.197110429143006,0.0934850535189452
"CONUS","Midwest","Wisconsin",2013,0.993208731380316,0.196614421134812,0.0934303648488625
"CONUS","Midwest","Wisconsin",2014,0.993239628074609,0.196126511730153,0.0933762992319629
"CONUS","Midwest","Wisconsin",2015,0.993261096902985,0.195646504189441,0.0933228460811407
"CONUS","Midwest","Wisconsin",2016,0.993278706769027,0.195197818040447,0.0932847231764068
"CONUS","Midwest","Wisconsin",2017,0.993335593571164,0.194755603160512,0.0932469782308051
"CONUS","Midwest","Wisconsin",2018,0.99339206369816,0.194319720552165,0.0932096056513018
"CONUS","Midwest","Wisconsin",2019,0.993454090982677,0.193890035170372,0.0931725999546758
"CONUS","Midwest","Wisconsin",2020,0.993411862558991,0.193466415783036,0.0931359557648366
"CONUS","Midwest","Wisconsin",2021,0.993429680104089,0.193071513497547,0.0931010146641234
"CONUS","Midwest","Wisconsin",2022,0.993480763941075,0.192682001287805,0.0930664101745302
"CONUS","Midwest","Wisconsin",2023,0.993525089411147,0.192297769546999,0.0930321374551727
"CONUS","Northeast","Connecticut",2010,0.993282238409967,0.210135947629198,0.0554609877066935
"CONUS","Northeast","Connecticut",2011,0.993254100014371,0.209553661726665,0.0551953921148868
"CONUS","Northeast","Connecticut",2012,0.993226631718698,0.208981040943565,0.0549327616162765
"CONUS","Northeast","Connecticut",2013,0.993208731380316,0.208417846619714,0.0546730468333038
"CONUS","Northeast","Connecticut",2014,0.993239628074609,0.207863847888406,0.0544161994787336
"CONUS","Northeast","Connecticut",2015,0.993261096902985,0.207318821360873,0.0541621723257252
"CONUS","Northeast","Connecticut",2016,0.993278706769027,0.206832524636613,0.0539624749781868
"CONUS","Northeast","Connecticut",2017,0.993335593571164,0.206353241627737,0.0537647368490545
"CONUS","Northeast","Connecticut",2018,0.99339206369816,0.205880821685477,0.0535689292464187
"CONUS","Northeast","Connecticut",2019,0.993454090982677,0.205415118444812,0.0533750240358888
"CONUS","Northeast","Connecticut",2020,0.993411862558991,0.204955989673273,0.0531829936271175
"CONUS","Northeast","Connecticut",2021,0.993429680104089,0.204513806819616,0.0530240081209696
"CONUS","Northeast","Connecticut",2022,0.993480763941075,0.204077659380702,0.0528665177113766
"CONUS","Northeast","Connecticut",2023,0.993525089411147,0.203647424626795,0.0527105014072506
"CONUS","Northeast","Delaware",2010,0.993282238409967,0.210135947629198,0.0139336751451967
"CONUS","Northeast","Delaware",2011,0.993254100014371,0.209553661726665,0.0139545082774929
"CONUS","Northeast","Delaware",2012,0.993226631718698,0.208981040943565,0.0139751088299545
"CONUS","Northeast","Delaware",2013,0.993208731380316,0.208417846619714,0.0139954806757226
"CONUS","Northeast","Delaware",2014,0.993239628074609,0.207863847888406,0.014015627602414
"CONUS","Northeast","Delaware",2015,0.993261096902985,0.207318821360873,0.0140355533144692
"CONUS","Northeast","Delaware",2016,0.993278706769027,0.206832524636613,0.014040384274416
"CONUS","Northeast","Delaware",2017,0.993335593571164,0.206353241627737,0.0140451678381116
"CONUS","Northeast","Delaware",2018,0.99339206369816,0.205880821685477,0.0140499046996538
"CONUS","Northeast","Delaware",2019,0.993454090982677,0.205415118444812,0.0140545955396529
"CONUS","Northeast","Delaware",2020,0.993411862558991,0.204955989673273,0.0140592410255583
"CONUS","Northeast","Delaware",2021,0.993429680104089,0.204513806819616,0.0140590154858108
"CONUS","Northeast","Delaware",2022,0.993480763941075,0.204077659380702,0.0140587920670345
"CONUS","Northeast","Delaware",2023,0.993525089411147,0.203647424626795,0.0140585707394513
"CONUS","Northeast","District of Columbia",2010,0.993282238409967,0.210135947629198,0.00933722613175711
"CONUS","Northeast","District of Columbia",2011,0.993254100014371,0.209553661726665,0.00938298043673528
"CONUS","Northeast","District of Columbia",2012,0.993226631718698,0.208981040943565,0.00942822394340738
"CONUS","Northeast","District of Columbia",2013,0.993208731380316,0.208417846619714,0.00947296515807379
"CONUS","Northeast","District of Columbia",2014,0.993239628074609,0.207863847888406,0.0095172123992042
"CONUS","Northeast","District of Columbia",2015,0.993261096902985,0.207318821360873,0.00956097380259354
"CONUS","Northeast","District of Columbia",2016,0.993278706769027,0.206832524636613,0.0095969200973255
"CONUS","Northeast","District of Columbia",2017,0.993335593571164,0.206353241627737,0.00963251372516858
"CONUS","Northeast","District of Columbia",2018,0.99339206369816,0.205880821685477,0.00966775985077748
"CONUS","Northeast","District of Columbia",2019,0.993454090982677,0.205415118444812,0.0097026635384513
"CONUS","Northeast","District of Columbia",2020,0.993411862558991,0.204955989673273,0.00973722975455921
"CONUS","Northeast","District of Columbia",2021,0.993429680104089,0.204513806819616,0.00976729324630247
"CONUS","Northeast","District of Columbia",2022,0.993480763941075,0.204077659380702,0.00979707402156407
"CONUS","Northeast","District of Columbia",2023,0.993525089411147,0.203647424626795,0.00982657604967059
"CONUS","Northeast","Maine",2010,0.993282238409967,0.210135947629198,0.0206128185919551
"CONUS","Northeast","Maine",2011,0.993254100014371,0.209553661726665,0.0204322015179402
"CONUS","Northeast","Maine",2012,0.993226631718698,0.208981040943565,0.0202536008420653
"CONUS","Northeast","Maine",2013,0.993208731380316,0.208417846619714,0.0200769829853461
"CONUS","Northeast","Maine",2014,0.993239628074609,0.207863847888406,0.0199023151102682
"CONUS","Northeast","Maine",2015,0.993261096902985,0.207318821360873,0.0197295651004333
"CONUS","Northeast","Maine",2016,0.993278706769027,0.206832524636613,0.0195649129789472
"CONUS","Northeast","Maine",2017,0.993335593571164,0.206353241627737,0.0194018762493079
"CONUS","Northeast","Maine",2018,0.99339206369816,0.205880821685477,0.0192404312547974
"CONUS","Northeast","Maine",2019,0.993454090982677,0.205415118444812,0.0190805547983773
"CONUS","Northeast","Maine",2020,0.993411862558991,0.204955989673273,0.0189222241315769
"CONUS","Northeast","Maine",2021,0.993429680104089,0.204513806819616,0.018772688755208
"CONUS","Northeast","Maine",2022,0.993480763941075,0.204077659380702,0.0186245596065604
"CONUS","Northeast","Maine",2023,0.993525089411147,0.203647424626795,0.0184778169422608
"CONUS","Northeast","Maryland",2010,0.993282238409967,0.210135947629198,0.0895909922131256
"CONUS","Northeast","Maryland",2011,0.993254100014371,0.209553661726665,0.0897796200932125
"CONUS","Northeast","Maryland",2012,0.993226631718698,0.208981040943565,0.0899661421430029
"CONUS","Northeast","Maryland",2013,0.993208731380316,0.208417846619714,0.0901505934307903
"CONUS","Northeast","Maryland",2014,0.993239628074609,0.207863847888406,0.090333008250513
"CONUS","Northeast","Maryland",2015,0.993261096902985,0.207318821360873,0.0905134201430092
"CONUS","Northeast","Maryland",2016,0.993278706769027,0.206832524636613,0.0906373058857862
"CONUS","Northeast","Maryland",2017,0.993335593571164,0.206353241627737,0.0907599761931529
"CONUS","Northeast","Maryland",2018,0.99339206369816,0.205880821685477,0.0908814488646377
"CONUS","Northeast","Maryland",2019,0.993454090982677,0.205415118444812,0.0910017413539017
"CONUS","Northeast","Maryland",2020,0.993411862558991,0.204955989673273,0.0911208707770995
"CONUS","Northeast","Maryland",2021,0.993429680104089,0.204513806819616,0.0911980172669979
"CONUS","Northeast","Maryland",2022,0.993480763941075,0.204077659380702,0.0912744382728313
"CONUS","Northeast","Maryland",2023,0.993525089411147,0.203647424626795,0.0913501439803631
"CONUS","Northeast","Massachusetts",2010,0.993282238409967,0.210135947629198,0.101602718526383
"CONUS","Northeast","Massachusetts",2011,0.993254100014371,0.209553661726665,0.101496999343744
"CONUS","Northeast","Massachusetts",2012,0.993226631718698,0.208981040943565,0.101392460403694
"CONUS","Northeast","Massachusetts",2013,0.993208731380316,0.208417846619714,0.10128908205171
"CONUS","Northeast","Massachusetts",2014,0.993239628074609,0.207863847888406,0.101186845067265
"CONUS","Northeast","Massachusetts",2015,0.993261096902985,0.207318821360873,0.101085730651919
"CONUS","Northeast","Massachusetts",2016,0.993278706769027,0.206832524636613,0.101033608844531
"CONUS","Northeast","Massachusetts",2017,0.993335593571164,0.206353241627737,0.100981998400993
"CONUS","Northeast","Massachusetts",2018,0.99339206369816,0.205880821685477,0.100930891832601
"CONUS","Northeast","Massachusetts",2019,0.993454090982677,0.205415118444812,0.100880281796167
"CONUS","Northeast","Massachusetts",2020,0.993411862558991,0.204955989673273,0.100830161090499
"CONUS","Northeast","Massachusetts",2021,0.993429680104089,0.204513806819616,0.100771063149525
"CONUS","Northeast","Massachusetts",2022,0.993480763941075,0.204077659380702,0.100712520964419
"CONUS","Northeast","Massachusetts",2023,0.993525089411147,0.203647424626795,0.100654526732393
"CONUS","Northeast","New Hampshire",2010,0.993282238409967,0.210135947629198,0.0204283002073617
"CONUS","Northeast","New Hampshire",2011,0.993254100014371,0.209553661726665,0.0203541964011847
"CONUS","Northeast","New Hampshire",2012,0.993226631718698,0.208981040943565,0.0202809198854383
"CONUS","Northeast","New Hampshire",2013,0.993208731380316,0.208417846619714,0.0202084568832935
"CONUS","Northeast","New Hampshire",2014,0.993239628074609,0.207863847888406,0.0201367939221326
"CONUS","Northeast","New Hampshire",2015,0.993261096902985,0.207318821360873,0.0200659178251982
"CONUS","Northeast","New Hampshire",2016,0.993278706769027,0.206832524636613,0.019987468300618
"CONUS","Northeast","New Hampshire",2017,0.993335593571164,0.206353241627737,0.0199097884395032
"CONUS","Northeast","New Hampshire",2018,0.99339206369816,0.205880821685477,0.0198328669704636
"CONUS","Northeast","New Hampshire",2019,0.993454090982677,0.205415118444812,0.0197566928411264
"CONUS","Northeast","New Hampshire",2020,0.993411862558991,0.204955989673273,0.0196812552128417
"CONUS","Northeast","New Hampshire",2021,0.993429680104089,0.204513806819616,0.0196068043213012
"CONUS","Northeast","New Hampshire",2022,0.993480763941075,0.204077659380702,0.0195330535644719
"CONUS","Northeast","New Hampshire",2023,0.993525089411147,0.203647424626795,0.0194599931124944
"CONUS","Northeast","New Jersey",2010,0.993282238409967,0.210135947629198,0.136428061424341
"CONUS","Northeast","New Jersey",2011,0.993254100014371,0.209553661726665,0.137065202340344
"CONUS","Northeast","New Jersey",2012,0.993226631718698,0.208981040943565,0.137695230253522
"CONUS","Northeast","New Jersey",2013,0.993208731380316,0.208417846619714,0.138318263616378
"CONUS","Northeast","New Jersey",2014,0.993239628074609,0.207863847888406,0.138934418265824
"CONUS","Northeast","New Jersey",2015,0.993261096902985,0.207318821360873,0.139543807494977
"CONUS","Northeast","New Jersey",2016,0.993278706769027,0.206832524636613,0.140121507744126
"CONUS","Northeast","New Jersey",2017,0.993335593571164,0.206353241627737,0.140693540211627
"CONUS","Northeast","New Jersey",2018,0.99339206369816,0.205880821685477,0.141259987899702
"CONUS","Northeast","New Jersey",2019,0.993454090982677,0.205415118444812,0.141820932197736
"CONUS","Northeast","New Jersey",2020,0.993411862558991,0.204955989673273,0.142376452921265
"CONUS","Northeast","New Jersey",2021,0.993429680104089,0.204513806819616,0.142916773050956
"CONUS","Northeast","New Jersey",2022,0.993480763941075,0.204077659380702,0.143452012020836
"CONUS","Northeast","New Jersey",2023,0.993525089411147,0.203647424626795,0.143982241170158
"CONUS","Northeast","New York",2010,0.993282238409967,0.210135947629198,0.300699358971246
"CONUS","Northeast","New York",2011,0.993254100014371,0.209553661726665,0.301353594778757
"CONUS","Northeast","New York",2012,0.993226631718698,0.208981040943565,0.302000526737103
"CONUS","Northeast","New York",2013,0.993208731380316,0.208417846619714,0.302640276476943
"CONUS","Northeast","New York",2014,0.993239628074609,0.207863847888406,0.303272962943166
"CONUS","Northeast","New York",2015,0.993261096902985,0.207318821360873,0.303898702468615
"CONUS","Northeast","New York",2016,0.993278706769027,0.206832524636613,0.304525290856662
"CONUS","Northeast","New York",2017,0.993335593571164,0.206353241627737,0.305145731824536
"CONUS","Northeast","New York",2018,0.99339206369816,0.205880821685477,0.305760115398556
"CONUS","Northeast","New York",2019,0.993454090982677,0.205415118444812,0.306368529855722
"CONUS","Northeast","New York",2020,0.993411862558991,0.204955989673273,0.306971061765991
"CONUS","Northeast","New York",2021,0.993429680104089,0.204513806819616,0.307565622397721
"CONUS","Northeast","New York",2022,0.993480763941075,0.204077659380702,0.308154591793031
"CONUS","Northeast","New York",2023,0.993525089411147,0.203647424626795,0.308738048452627
"CONUS","Northeast","Pennsylvania",2010,0.993282238409967,0.210135947629198,0.197108944039505
"CONUS","Northeast","Pennsylvania",2011,0.993254100014371,0.209553661726665,0.196192414489454
"CONUS","Northeast","Pennsylvania",2012,0.993226631718698,0.208981040943565,0.19528611702012
"CONUS","Northeast","Pennsylvania",2013,0.993208731380316,0.208417846619714,0.194389881237137
"CONUS","Northeast","Pennsylvania",2014,0.993239628074609,0.207863847888406,0.193503540508684
"CONUS","Northeast","Pennsylvania",2015,0.993261096902985,0.207318821360873,0.192626931862194
"CONUS","Northeast","Pennsylvania",2016,0.993278706769027,0.206832524636613,0.191783101087546
"CONUS","Northeast","Pennsylvania",2017,0.993335593571164,0.206353241627737,0.190947549084779
"CONUS","Northeast","Pennsylvania",2018,0.99339206369816,0.205880821685477,0.190120154614843
"CONUS","Northeast","Pennsylvania",2019,0.993454090982677,0.205415118444812,0.189300798794515
"CONUS","Northeast","Pennsylvania",2020,0.993411862558991,0.204955989673273,0.188489365039451
"CONUS","Northeast","Pennsylvania",2021,0.993429680104089,0.204513806819616,0.187728844195817
"CONUS","Northeast","Pennsylvania",2022,0.993480763941075,0.204077659380702,0.186975475275152
"CONUS","Northeast","Pennsylvania",2023,0.993525089411147,0.203647424626795,0.186229157864783
"CONUS","Northeast","Rhode Island",2010,0.993282238409967,0.210135947629198,0.0163331900190373
"CONUS","Northeast","Rhode Island",2011,0.993254100014371,0.209553661726665,0.0162730113214828
"CONUS","Northeast","Rhode Island",2012,0.993226631718698,0.208981040943565,0.0162135044552846
"CONUS","Northeast","Rhode Island",2013,0.993208731380316,0.208417846619714,0.0161546582324664
"CONUS","Northeast","Rhode Island",2014,0.993239628074609,0.207863847888406,0.0160964617120979
"CONUS","Northeast","Rhode Island",2015,0.993261096902985,0.207318821360873,0.0160389041935128
"CONUS","Northeast","Rhode Island",2016,0.993278706769027,0.206832524636613,0.0159953660312815
"CONUS","Northeast","Rhode Island",2017,0.993335593571164,0.206353241627737,0.0159522550192847
"CONUS","Northeast","Rhode Island",2018,0.99339206369816,0.205880821685477,0.0159095649020911
"CONUS","Northeast","Rhode Island",2019,0.993454090982677,0.205415118444812,0.0158672895458202
"CONUS","Northeast","Rhode Island",2020,0.993411862558991,0.204955989673273,0.0158254229352044
"CONUS","Northeast","Rhode Island",2021,0.993429680104089,0.204513806819616,0.0157837699943652
"CONUS","Northeast","Rhode Island",2022,0.993480763941075,0.204077659380702,0.0157425087569577
"CONUS","Northeast","Rhode Island",2023,0.993525089411147,0.203647424626795,0.0157016337234835
"CONUS","Northeast","Vermont",2010,0.993282238409967,0.210135947629198,0.0097099250268177
"CONUS","Northeast","Vermont",2011,0.993254100014371,0.209553661726665,0.0096609387417169
"CONUS","Northeast","Vermont",2012,0.993226631718698,0.208981040943565,0.00961249933655368
"CONUS","Northeast","Vermont",2013,0.993208731380316,0.208417846619714,0.00956459770416191
"CONUS","Northeast","Vermont",2014,0.993239628074609,0.207863847888406,0.00951722493847413
"CONUS","Northeast","Vermont",2015,0.993261096902985,0.207318821360873,0.00947037232900134
"CONUS","Northeast","Vermont",2016,0.993278706769027,0.206832524636613,0.00941445946638578
"CONUS","Northeast","Vermont",2017,0.993335593571164,0.206353241627737,0.00935909516142974
"CONUS","Northeast","Vermont",2018,0.99339206369816,0.205880821685477,0.00930427138074256
"CONUS","Northeast","Vermont",2019,0.993454090982677,0.205415118444812,0.00924998024703226
"CONUS","Northeast","Vermont",2020,0.993411862558991,0.204955989673273,0.00919621403533247
"CONUS","Northeast","Vermont",2021,0.993429680104089,0.204513806819616,0.00914114532670852
"CONUS","Northeast","Vermont",2022,0.993480763941075,0.204077659380702,0.00908659448313112
"CONUS","Northeast","Vermont",2023,0.993525089411147,0.203647424626795,0.00903255423379855
"CONUS","Northeast","West Virginia",2010,0.993282238409967,0.210135947629198,0.0287538019965817
"CONUS","Northeast","West Virginia",2011,0.993254100014371,0.209553661726665,0.0288589401430482
"CONUS","Northeast","West Virginia",2012,0.993226631718698,0.208981040943565,0.0289629045335776
"CONUS","Northeast","West Virginia",2013,0.993208731380316,0.208417846619714,0.0290657147146728
"CONUS","Northeast","West Virginia",2014,0.993239628074609,0.207863847888406,0.0291673898012232
"CONUS","Northeast","West Virginia",2015,0.993261096902985,0.207318821360873,0.0292679484883527
"CONUS","Northeast","West Virginia",2016,0.993278706769027,0.206832524636613,0.029337199454188
"CONUS","Northeast","West Virginia",2017,0.993335593571164,0.206353241627737,0.0294057710030526
"CONUS","Northeast","West Virginia",2018,0.99339206369816,0.205880821685477,0.0294736730847155
"CONUS","Northeast","West Virginia",2019,0.993454090982677,0.205415118444812,0.0295409154556093
"CONUS","Northeast","West Virginia",2020,0.993411862558991,0.204955989673273,0.0296075076835035
"CONUS","Northeast","West Virginia",2021,0.993429680104089,0.204513806819616,0.029664954688317
"CONUS","Northeast","West Virginia",2022,0.993480763941075,0.204077659380702,0.0297218614626335
"CONUS","Northeast","West Virginia",2023,0.993525089411147,0.203647424626795,0.0297782355912649
"CONUS","Northern Plains","Montana",2010,0.993282238409967,0.0158674587259974,0.203325912687086
"CONUS","Northern Plains","Montana",2011,0.993254100014371,0.015914104469161,0.202932323480667
"CONUS","Northern Plains","Montana",2012,0.993226631718698,0.0159599759592012,0.20254751099445
"CONUS","Northern Plains","Montana",2013,0.993208731380316,0.0160050923147016,0.202171184894918
"CONUS","Northern Plains","Montana",2014,0.993239628074609,0.0160494720299259,0.201803067514517
"CONUS","Northern Plains","Montana",2015,0.993261096902985,0.0160931330000956,0.201442893168412
"CONUS","Northern Plains","Montana",2016,0.993278706769027,0.016132151190038,0.201047826255401
"CONUS","Northern Plains","Montana",2017,0.993335593571164,0.0161706066320421,0.200660322749826
"CONUS","Northern Plains","Montana",2018,0.99339206369816,0.0162085114134649,0.200280167513174
"CONUS","Northern Plains","Montana",2019,0.993454090982677,0.0162458772779559,0.199907153489683
"CONUS","Northern Plains","Montana",2020,0.993411862558991,0.0162827156375875,0.199541081330289
"CONUS","Northern Plains","Montana",2021,0.993429680104089,0.0163185199803758,0.199149426229081
"CONUS","Northern Plains","Montana",2022,0.993480763941075,0.0163538356247522,0.198764796874525
"CONUS","Northern Plains","Montana",2023,0.993525089411147,0.0163886725083647,0.198387005899021
"CONUS","Northern Plains","Nebraska",2010,0.993282238409967,0.0158674587259974,0.375315161689326
"CONUS","Northern Plains","Nebraska",2011,0.993254100014371,0.015914104469161,0.373653898140629
"CONUS","Northern Plains","Nebraska",2012,0.993226631718698,0.0159599759592012,0.3720296794222
"CONUS","Northern Plains","Nebraska",2013,0.993208731380316,0.0160050923147016,0.370441280092691
"CONUS","Northern Plains","Nebraska",2014,0.993239628074609,0.0160494720299259,0.368887528171325
"CONUS","Northern Plains","Nebraska",2015,0.993261096902985,0.0160931330000956,0.367367302254038
"CONUS","Northern Plains","Nebraska",2016,0.993278706769027,0.016132151190038,0.366210430202064
"CONUS","Northern Plains","Nebraska",2017,0.993335593571164,0.0161706066320421,0.365075706030338
"CONUS","Northern Plains","Nebraska",2018,0.99339206369816,0.0162085114134649,0.363962499750057
"CONUS","Northern Plains","Nebraska",2019,0.993454090982677,0.0162458772779559,0.362870205041086
"CONUS","Northern Plains","Nebraska",2020,0.993411862558991,0.0162827156375875,0.361798238150763
"CONUS","Northern Plains","Nebraska",2021,0.993429680104089,0.0163185199803758,0.360943799664904
"CONUS","Northern Plains","Nebraska",2022,0.993480763941075,0.0163538356247522,0.360104688614617
"CONUS","Northern Plains","Nebraska",2023,0.993525089411147,0.0163886725083647,0.359280496236974
"CONUS","Northern Plains","North Dakota",2010,0.993282238409967,0.0158674587259974,0.138218218785969
"CONUS","Northern Plains","North Dakota",2011,0.993254100014371,0.015914104469161,0.138185452654628
"CONUS","Northern Plains","North Dakota",2012,0.993226631718698,0.0159599759592012,0.138153417181451
"CONUS","Northern Plains","North Dakota",2013,0.993208731380316,0.0160050923147016,0.138122088196298
"CONUS","Northern Plains","North Dakota",2014,0.993239628074609,0.0160494720299259,0.138091442583465
"CONUS","Northern Plains","North Dakota",2015,0.993261096902985,0.0160931330000956,0.138061458224804
"CONUS","Northern Plains","North Dakota",2016,0.993278706769027,0.016132151190038,0.138030112811479
"CONUS","Northern Plains","North Dakota",2017,0.993335593571164,0.0161706066320421,0.137999367494301
"CONUS","Northern Plains","North Dakota",2018,0.99339206369816,0.0162085114134649,0.137969205203741
"CONUS","Northern Plains","North Dakota",2019,0.993454090982677,0.0162458772779559,0.137939609511575
"CONUS","Northern Plains","North Dakota",2020,0.993411862558991,0.0162827156375875,0.137910564601042
"CONUS","Northern Plains","North Dakota",2021,0.993429680104089,0.0163185199803758,0.137872230505689
"CONUS","Northern Plains","North Dakota",2022,0.993480763941075,0.0163538356247522,0.137834584070579
"CONUS","Northern Plains","North Dakota",2023,0.993525089411147,0.0163886725083647,0.137797606956701
"CONUS","Northern Plains","South Dakota",2010,0.993282238409967,0.0158674587259974,0.167314920019983
"CONUS","Northern Plains","South Dakota",2011,0.993254100014371,0.015914104469161,0.167803951654453
"CONUS","Northern Plains","South Dakota",2012,0.993226631718698,0.0159599759592012,0.168282078279956
"CONUS","Northern Plains","South Dakota",2013,0.993208731380316,0.0160050923147016,0.168749660633707
"CONUS","Northern Plains","South Dakota",2014,0.993239628074609,0.0160494720299259,0.169207043715556
"CONUS","Northern Plains","South Dakota",2015,0.993261096902985,0.0160931330000956,0.169654557636919
"CONUS","Northern Plains","South Dakota",2016,0.993278706769027,0.016132151190038,0.170071951511148
"CONUS","Northern Plains","South Dakota",2017,0.993335593571164,0.0161706066320421,0.170481354536669
"CONUS","Northern Plains","South Dakota",2018,0.99339206369816,0.0162085114134649,0.170882994010412
"CONUS","Northern Plains","South Dakota",2019,0.993454090982677,0.0162458772779559,0.171277088689767
"CONUS","Northern Plains","South Dakota",2020,0.993411862558991,0.0162827156375875,0.171663849189888
"CONUS","Northern Plains","South Dakota",2021,0.993429680104089,0.0163185199803758,0.172055676633256
"CONUS","Northern Plains","South Dakota",2022,0.993480763941075,0.0163538356247522,0.172440475238395
"CONUS","Northern Plains","South Dakota",2023,0.993525089411147,0.0163886725083647,0.172818432455351
"CONUS","Northern Plains","Wyoming",2010,0.993282238409967,0.0158674587259974,0.115825786817636
"CONUS","Northern Plains","Wyoming",2011,0.993254100014371,0.015914104469161,0.117424374069623
"CONUS","Northern Plains","Wyoming",2012,0.993226631718698,0.0159599759592012,0.118987314121943
"CONUS","Northern Plains","Wyoming",2013,0.993208731380316,0.0160050923147016,0.120515786182387
"CONUS","Northern Plains","Wyoming",2014,0.993239628074609,0.0160494720299259,0.122010918015136
"CONUS","Northern Plains","Wyoming",2015,0.993261096902985,0.0160931330000956,0.123473788715827
"CONUS","Northern Plains","Wyoming",2016,0.993278706769027,0.016132151190038,0.124639679219908
"CONUS","Northern Plains","Wyoming",2017,0.993335593571164,0.0161706066320421,0.125783249188867
"CONUS","Northern Plains","Wyoming",2018,0.99339206369816,0.0162085114134649,0.126905133522616
"CONUS","Northern Plains","Wyoming",2019,0.993454090982677,0.0162458772779559,0.128005943267888
"CONUS","Northern Plains","Wyoming",2020,0.993411862558991,0.0162827156375875,0.129086266728018
"CONUS","Northern Plains","Wyoming",2021,0.993429680104089,0.0163185199803758,0.129978866967069
"CONUS","Northern Plains","Wyoming",2022,0.993480763941075,0.0163538356247522,0.130855455201884
"CONUS","Northern Plains","Wyoming",2023,0.993525089411147,0.0163886725083647,0.131716458451954
"CONUS","Northwest","Idaho",2010,0.993282238409967,0.0395310858818407,0.129304351756748
"CONUS","Northwest","Idaho",2011,0.993254100014371,0.0394442241953011,0.129732257294541
"CONUS","Northwest","Idaho",2012,0.993226631718698,0.0393588042894588,0.13015490214883
"CONUS","Northwest","Idaho",2013,0.993208731380316,0.0392747905625139,0.130572382739424
"CONUS","Northwest","Idaho",2014,0.993239628074609,0.0391921485752481,0.130984793144144
"CONUS","Northwest","Idaho",2015,0.993261096902985,0.0391108450039536,0.131392225169509
"CONUS","Northwest","Idaho",2016,0.993278706769027,0.0390229818872492,0.131790320593624
"CONUS","Northwest","Idaho",2017,0.993335593571164,0.0389363859945718,0.132184432390819
"CONUS","Northwest","Idaho",2018,0.99339206369816,0.0388510301070045,0.132574620057929
"CONUS","Northwest","Idaho",2019,0.993454090982677,0.0387668877796086,0.132960941912854
"CONUS","Northwest","Idaho",2020,0.993411862558991,0.0386839333141071,0.133343455123612
"CONUS","Northwest","Idaho",2021,0.993429680104089,0.0386027141938168,0.133735935721572
"CONUS","Northwest","Idaho",2022,0.993480763941075,0.0385226036444986,0.134124680541177
"CONUS","Northwest","Idaho",2023,0.993525089411147,0.0384435791234398,0.134509742667605
"CONUS","Northwest","Oregon",2010,0.993282238409967,0.0395310858818407,0.316011883335055
"CONUS","Northwest","Oregon",2011,0.993254100014371,0.0394442241953011,0.315573422909999
"CONUS","Northwest","Oregon",2012,0.993226631718698,0.0393588042894588,0.315140352930548
"CONUS","Northwest","Oregon",2013,0.993208731380316,0.0392747905625139,0.314712574598563
"CONUS","Northwest","Oregon",2014,0.993239628074609,0.0391921485752481,0.314289991515662
"CONUS","Northwest","Oregon",2015,0.993261096902985,0.0391108450039536,0.313872509610791
"CONUS","Northwest","Oregon",2016,0.993278706769027,0.0390229818872492,0.313524801121532
"CONUS","Northwest","Oregon",2017,0.993335593571164,0.0389363859945718,0.313180572051564
"CONUS","Northwest","Oregon",2018,0.99339206369816,0.0388510301070045,0.312839770434564
"CONUS","Northwest","Oregon",2019,0.993454090982677,0.0387668877796086,0.312502345333931
"CONUS","Northwest","Oregon",2020,0.993411862558991,0.0386839333141071,0.312168246817401
"CONUS","Northwest","Oregon",2021,0.993429680104089,0.0386027141938168,0.311908188314721
"CONUS","Northwest","Oregon",2022,0.993480763941075,0.0385226036444986,0.311650605146951
"CONUS","Northwest","Oregon",2023,0.993525089411147,0.0384435791234398,0.311395462139735
"CONUS","Northwest","Washington",2010,0.993282238409967,0.0395310858818407,0.554683764908197
"CONUS","Northwest","Washington",2011,0.993254100014371,0.0394442241953011,0.55469431979546
"CONUS","Northwest","Washington",2012,0.993226631718698,0.0393588042894588,0.554704744920622
"CONUS","Northwest","Washington",2013,0.993208731380316,0.0392747905625139,0.554715042662013
"CONUS","Northwest","Washington",2014,0.993239628074609,0.0391921485752481,0.554725215340194
"CONUS","Northwest","Washington",2015,0.993261096902985,0.0391108450039536,0.5547352652197
"CONUS","Northwest","Washington",2016,0.993278706769027,0.0390229818872492,0.554684878284844
"CONUS","Northwest","Washington",2017,0.993335593571164,0.0389363859945718,0.554634995557618
"CONUS","Northwest","Washington",2018,0.99339206369816,0.0388510301070045,0.554585609507507
"CONUS","Northwest","Washington",2019,0.993454090982677,0.0387668877796086,0.554536712753215
"CONUS","Northwest","Washington",2020,0.993411862558991,0.0386839333141071,0.554488298058987
"CONUS","Northwest","Washington",2021,0.993429680104089,0.0386027141938168,0.554355875963706
"CONUS","Northwest","Washington",2022,0.993480763941075,0.0385226036444986,0.554224714311872
"CONUS","Northwest","Washington",2023,0.993525089411147,0.0384435791234398,0.55409479519266
"CONUS","Southeast","Alabama",2010,0.993282238409967,0.24955613435286,0.0624535712735022
"CONUS","Southeast","Alabama",2011,0.993254100014371,0.249441305823229,0.0625283211927446
"CONUS","Southeast","Alabama",2012,0.993226631718698,0.249328383284193,0.0626018975169983
"CONUS","Southeast","Alabama",2013,0.993208731380316,0.249217319671245,0.0626743276696484
"CONUS","Southeast","Alabama",2014,0.993239628074609,0.249108069456778,0.0627456382262808
"CONUS","Southeast","Alabama",2015,0.993261096902985,0.249000588587854,0.0628158549471932
"CONUS","Southeast","Alabama",2016,0.993278706769027,0.248834389411631,0.0628615217950233
"CONUS","Southeast","Alabama",2017,0.993335593571164,0.248670587277504,0.0629065897319545
"CONUS","Southeast","Alabama",2018,0.99339206369816,0.248509130699004,0.0629510704631134
"CONUS","Southeast","Alabama",2019,0.993454090982677,0.248349969653696,0.0629949753905806
"CONUS","Southeast","Alabama",2020,0.993411862558991,0.248193055531508,0.0630383156231346
"CONUS","Southeast","Alabama",2021,0.993429680104089,0.248028059507487,0.063061086256313
"CONUS","Southeast","Alabama",2022,0.993480763941075,0.247865315536949,0.0630835757875016
"CONUS","Southeast","Alabama",2023,0.993525089411147,0.247704777824545,0.0631057893900471
"CONUS","Southeast","Arkansas",2010,0.993282238409967,0.24955613435286,0.0381003245034219
"CONUS","Southeast","Arkansas",2011,0.993254100014371,0.249441305823229,0.0380881011307829
"CONUS","Southeast","Arkansas",2012,0.993226631718698,0.249328383284193,0.0380760696685704
"CONUS","Southeast","Arkansas",2013,0.993208731380316,0.249217319671245,0.0380642256324147
"CONUS","Southeast","Arkansas",2014,0.993239628074609,0.249108069456778,0.0380525646765816
"CONUS","Southeast","Arkansas",2015,0.993261096902985,0.249000588587854,0.0380410825886557
"CONUS","Southeast","Arkansas",2016,0.993278706769027,0.248834389411631,0.0380328202538112
"CONUS","Southeast","Arkansas",2017,0.993335593571164,0.248670587277504,0.0380246662777133
"CONUS","Southeast","Arkansas",2018,0.99339206369816,0.248509130699004,0.0380166185425965
"CONUS","Southeast","Arkansas",2019,0.993454090982677,0.248349969653696,0.0380086749855241
"CONUS","Southeast","Arkansas",2020,0.993411862558991,0.248193055531508,0.0380008335966258
"CONUS","Southeast","Arkansas",2021,0.993429680104089,0.248028059507487,0.037998005299867
"CONUS","Southeast","Arkansas",2022,0.993480763941075,0.247865315536949,0.0379952119182483
"CONUS","Southeast","Arkansas",2023,0.993525089411147,0.247704777824545,0.0379924528091981
"CONUS","Southeast","Florida",2010,0.993282238409967,0.24955613435286,0.245663976864038
"CONUS","Southeast","Florida",2011,0.993254100014371,0.249441305823229,0.245255044202558
"CONUS","Southeast","Florida",2012,0.993226631718698,0.249328383284193,0.244852531900152
"CONUS","Southeast","Florida",2013,0.993208731380316,0.249217319671245,0.244456289932338
"CONUS","Southeast","Florida",2014,0.993239628074609,0.249108069456778,0.244066172912671
"CONUS","Southeast","Florida",2015,0.993261096902985,0.249000588587854,0.243682039914881
"CONUS","Southeast","Florida",2016,0.993278706769027,0.248834389411631,0.243567585880121
"CONUS","Southeast","Florida",2017,0.993335593571164,0.248670587277504,0.243454632885439
"CONUS","Southeast","Florida",2018,0.99339206369816,0.248509130699004,0.243343151594478
"CONUS","Southeast","Florida",2019,0.993454090982677,0.248349969653696,0.2432331134304
"CONUS","Southeast","Florida",2020,0.993411862558991,0.248193055531508,0.243124490551463
"CONUS","Southeast","Florida",2021,0.993429680104089,0.248028059507487,0.243168094641248
"CONUS","Southeast","Florida",2022,0.993480763941075,0.247865315536949,0.243211160441372
"CONUS","Southeast","Florida",2023,0.993525089411147,0.247704777824545,0.243253697858414
"CONUS","Southeast","Georgia",2010,0.993282238409967,0.24955613435286,0.126581996810798
"CONUS","Southeast","Georgia",2011,0.993254100014371,0.249441305823229,0.127316923820927
"CONUS","Southeast","Georgia",2012,0.993226631718698,0.249328383284193,0.128040312268006
"CONUS","Southeast","Georgia",2013,0.993208731380316,0.249217319671245,0.128752431773549
"CONUS","Southeast","Georgia",2014,0.993239628074609,0.249108069456778,0.129453543623669
"CONUS","Southeast","Georgia",2015,0.993261096902985,0.249000588587854,0.130143901088724
"CONUS","Southeast","Georgia",2016,0.993278706769027,0.248834389411631,0.130764889034827
"CONUS","Southeast","Georgia",2017,0.993335593571164,0.248670587277504,0.131377732857422
"CONUS","Southeast","Georgia",2018,0.99339206369816,0.248509130699004,0.13198259172542
"CONUS","Southeast","Georgia",2019,0.993454090982677,0.248349969653696,0.132579620686846
"CONUS","Southeast","Georgia",2020,0.993411862558991,0.248193055531508,0.133168970801343
"CONUS","Southeast","Georgia",2021,0.993429680104089,0.248028059507487,0.133698093622085
"CONUS","Southeast","Georgia",2022,0.993480763941075,0.247865315536949,0.134220684455923
"CONUS","Southeast","Georgia",2023,0.993525089411147,0.247704777824545,0.134736863516277
"CONUS","Southeast","Kentucky",2010,0.993282238409967,0.24955613435286,0.0566995679711983
"CONUS","Southeast","Kentucky",2011,0.993254100014371,0.249441305823229,0.0565492562744156
"CONUS","Southeast","Kentucky",2012,0.993226631718698,0.249328383284193,0.0564013045140166
"CONUS","Southeast","Kentucky",2013,0.993208731380316,0.249217319671245,0.0562556575453859
"CONUS","Southeast","Kentucky",2014,0.993239628074609,0.249108069456778,0.0561122619287142
"CONUS","Southeast","Kentucky",2015,0.993261096902985,0.249000588587854,0.0559710658636238
"CONUS","Southeast","Kentucky",2016,0.993278706769027,0.248834389411631,0.0558063552016904
"CONUS","Southeast","Kentucky",2017,0.993335593571164,0.248670587277504,0.0556438046847041
"CONUS","Southeast","Kentucky",2018,0.99339206369816,0.248509130699004,0.0554833720947489
"CONUS","Southeast","Kentucky",2019,0.993454090982677,0.248349969653696,0.055325016306932
"CONUS","Southeast","Kentucky",2020,0.993411862558991,0.248193055531508,0.055168697254238
"CONUS","Southeast","Kentucky",2021,0.993429680104089,0.248028059507487,0.0550072191518008
"CONUS","Southeast","Kentucky",2022,0.993480763941075,0.247865315536949,0.0548477344860647
"CONUS","Southeast","Kentucky",2023,0.993525089411147,0.247704777824545,0.0546902065702077
"CONUS","Southeast","Louisiana",2010,0.993282238409967,0.24955613435286,0.0592344998366644
"CONUS","Southeast","Louisiana",2011,0.993254100014371,0.249441305823229,0.0592786483366788
"CONUS","Southeast","Louisiana",2012,0.993226631718698,0.249328383284193,0.0593221036926884
"CONUS","Southeast","Louisiana",2013,0.993208731380316,0.249217319671245,0.059364882101384
"CONUS","Southeast","Louisiana",2014,0.993239628074609,0.249108069456778,0.0594069992587323
"CONUS","Southeast","Louisiana",2015,0.993261096902985,0.249000588587854,0.059448470379178
"CONUS","Southeast","Louisiana",2016,0.993278706769027,0.248834389411631,0.0594597224018842
"CONUS","Southeast","Louisiana",2017,0.993335593571164,0.248670587277504,0.0594708268567297
"CONUS","Southeast","Louisiana",2018,0.99339206369816,0.248509130699004,0.0594817866277839
"CONUS","Southeast","Louisiana",2019,0.993454090982677,0.248349969653696,0.0594926045244473
"CONUS","Southeast","Louisiana",2020,0.993411862558991,0.248193055531508,0.0595032832838528
"CONUS","Southeast","Louisiana",2021,0.993429680104089,0.248028059507487,0.0594977194782927
"CONUS","Southeast","Louisiana",2022,0.993480763941075,0.247865315536949,0.0594922243575513
"CONUS","Southeast","Louisiana",2023,0.993525089411147,0.247704777824545,0.0594867966575666
"CONUS","Southeast","Mississippi",2010,0.993282238409967,0.24955613435286,0.0387716590789008
"CONUS","Southeast","Mississippi",2011,0.993254100014371,0.249441305823229,0.0388074720842547
"CONUS","Southeast","Mississippi",2012,0.993226631718698,0.249328383284193,0.0388427228152404
"CONUS","Southeast","Mississippi",2013,0.993208731380316,0.249217319671245,0.0388774244105187
"CONUS","Southeast","Mississippi",2014,0.993239628074609,0.249108069456778,0.0389115896025663
"CONUS","Southeast","Mississippi",2015,0.993261096902985,0.249000588587854,0.0389452307332518
"CONUS","Southeast","Mississippi",2016,0.993278706769027,0.248834389411631,0.0389445843328078
"CONUS","Southeast","Mississippi",2017,0.993335593571164,0.248670587277504,0.0389439464097668
"CONUS","Southeast","Mississippi",2018,0.99339206369816,0.248509130699004,0.0389433167984461
"CONUS","Southeast","Mississippi",2019,0.993454090982677,0.248349969653696,0.0389426953374529
"CONUS","Southeast","Mississippi",2020,0.993411862558991,0.248193055531508,0.0389420818695458
"CONUS","Southeast","Mississippi",2021,0.993429680104089,0.248028059507487,0.0389328242274767
"CONUS","Southeast","Mississippi",2022,0.993480763941075,0.247865315536949,0.0389236808703984
"CONUS","Southeast","Mississippi",2023,0.993525089411147,0.247704777824545,0.0389146496950323
"CONUS","Southeast","North Carolina",2010,0.993282238409967,0.24955613435286,0.124593694540403
"CONUS","Southeast","North Carolina",2011,0.993254100014371,0.249441305823229,0.124416282985593
"CONUS","Southeast","North Carolina",2012,0.993226631718698,0.249328383284193,0.124241656842644
"CONUS","Southeast","North Carolina",2013,0.993208731380316,0.249217319671245,0.124069751024859
"CONUS","Southeast","North Carolina",2014,0.993239628074609,0.249108069456778,0.123900502457707
"CONUS","Southeast","North Carolina",2015,0.993261096902985,0.249000588587854,0.123733850001664
"CONUS","Southeast","North Carolina",2016,0.993278706769027,0.248834389411631,0.123510605726403
"CONUS","Southeast","North Carolina",2017,0.993335593571164,0.248670587277504,0.123290289251852
"CONUS","Southeast","North Carolina",2018,0.99339206369816,0.248509130699004,0.123072843357018
"CONUS","Southeast","North Carolina",2019,0.993454090982677,0.248349969653696,0.122858212302357
"CONUS","Southeast","North Carolina",2020,0.993411862558991,0.248193055531508,0.122646341782145
"CONUS","Southeast","North Carolina",2021,0.993429680104089,0.248028059507487,0.122450771096956
"CONUS","Southeast","North Carolina",2022,0.993480763941075,0.247865315536949,0.122257614719191
"CONUS","Southeast","North Carolina",2023,0.993525089411147,0.247704777824545,0.122066828216405
"CONUS","Southeast","South Carolina",2010,0.993282238409967,0.24955613435286,0.0604364969613157
"CONUS","Southeast","South Carolina",2011,0.993254100014371,0.249441305823229,0.0604024257813331
"CONUS","Southeast","South Carolina",2012,0.993226631718698,0.249328383284193,0.0603688895285651
"CONUS","Southeast","South Carolina",2013,0.993208731380316,0.249217319671245,0.0603358757033714
"CONUS","Southeast","South Carolina",2014,0.993239628074609,0.249108069456778,0.0603033721925409
"CONUS","Southeast","South Carolina",2015,0.993261096902985,0.249000588587854,0.0602713672544722
"CONUS","Southeast","South Carolina",2016,0.993278706769027,0.248834389411631,0.0602199878553767
"CONUS","Southeast","South Carolina",2017,0.993335593571164,0.248670587277504,0.0601692822860627
"CONUS","Southeast","South Carolina",2018,0.99339206369816,0.248509130699004,0.0601192373771875
"CONUS","Southeast","South Carolina",2019,0.993454090982677,0.248349969653696,0.0600698403003631
"CONUS","Southeast","South Carolina",2020,0.993411862558991,0.248193055531508,0.0600210785571929
"CONUS","Southeast","South Carolina",2021,0.993429680104089,0.248028059507487,0.0599643522473027
"CONUS","Southeast","South Carolina",2022,0.993480763941075,0.247865315536949,0.0599083262200288
"CONUS","Southeast","South Carolina",2023,0.993525089411147,0.247704777824545,0.059852987587506
"CONUS","Southeast","Tennessee",2010,0.993282238409967,0.24955613435286,0.0829202535300336
"CONUS","Southeast","Tennessee",2011,0.993254100014371,0.249441305823229,0.0826984485726699
"CONUS","Southeast","Tennessee",2012,0.993226631718698,0.249328383284193,0.0824801260162115
"CONUS","Southeast","Tennessee",2013,0.993208731380316,0.249217319671245,0.0822652044874231
"CONUS","Southeast","Tennessee",2014,0.993239628074609,0.249108069456778,0.0820536051287386
"CONUS","Southeast","Tennessee",2015,0.993261096902985,0.249000588587854,0.081845251501791
"CONUS","Southeast","Tennessee",2016,0.993278706769027,0.248834389411631,0.0816193725222742
"CONUS","Southeast","Tennessee",2017,0.993335593571164,0.248670587277504,0.0813964558970491
"CONUS","Southeast","Tennessee",2018,0.99339206369816,0.248509130699004,0.0811764437298043
"CONUS","Southeast","Tennessee",2019,0.993454090982677,0.248349969653696,0.0809592796231655
"CONUS","Southeast","Tennessee",2020,0.993411862558991,0.248193055531508,0.0807449086304983
"CONUS","Southeast","Tennessee",2021,0.993429680104089,0.248028059507487,0.0805309353556294
"CONUS","Southeast","Tennessee",2022,0.993480763941075,0.247865315536949,0.0803196035669603
"CONUS","Southeast","Tennessee",2023,0.993525089411147,0.247704777824545,0.0801108646510922
"CONUS","Southeast","Virginia",2010,0.993282238409967,0.24955613435286,0.104543958629724
"CONUS","Southeast","Virginia",2011,0.993254100014371,0.249441305823229,0.104659075618042
"CONUS","Southeast","Virginia",2012,0.993226631718698,0.249328383284193,0.104772385236907
"CONUS","Southeast","Virginia",2013,0.993208731380316,0.249217319671245,0.104883929719108
"CONUS","Southeast","Virginia",2014,0.993239628074609,0.249108069456778,0.104993749991799
"CONUS","Southeast","Virginia",2015,0.993261096902985,0.249000588587854,0.105101885726565
"CONUS","Southeast","Virginia",2016,0.993278706769027,0.248834389411631,0.105212554995781
"CONUS","Southeast","Virginia",2017,0.993335593571164,0.248670587277504,0.105321772861307
"CONUS","Southeast","Virginia",2018,0.99339206369816,0.248509130699004,0.105429567689403
"CONUS","Southeast","Virginia",2019,0.993454090982677,0.248349969653696,0.105535967111931
"CONUS","Southeast","Virginia",2020,0.993411862558991,0.248193055531508,0.10564099804996
"CONUS","Southeast","Virginia",2021,0.993429680104089,0.248028059507487,0.105690898623029
"CONUS","Southeast","Virginia",2022,0.993480763941075,0.247865315536949,0.10574018317676
"CONUS","Southeast","Virginia",2023,0.993525089411147,0.247704777824545,0.105788863048254
"CONUS","Southern Plains","Kansas",2010,0.993282238409967,0.103529891183894,0.0898618993430872
"CONUS","Southern Plains","Kansas",2011,0.993254100014371,0.10406332034811,0.0896336753566533
"CONUS","Southern Plains","Kansas",2012,0.993226631718698,0.104587895345397,0.0894115099419114
"CONUS","Southern Plains","Kansas",2013,0.993208731380316,0.105103834811141,0.0891951650073704
"CONUS","Southern Plains","Kansas",2014,0.993239628074609,0.105611350241161,0.0889844147756814
"CONUS","Southern Plains","Kansas",2015,0.993261096902985,0.106110646280775,0.0887790449976874
"CONUS","Southern Plains","Kansas",2016,0.993278706769027,0.106586333249871,0.0886030489385249
"CONUS","Southern Plains","Kansas",2017,0.993335593571164,0.107055159524979,0.0884311215807103
"CONUS","Southern Plains","Kansas",2018,0.99339206369816,0.107517272468092,0.0882631234452862
"CONUS","Southern Plains","Kansas",2019,0.993454090982677,0.107972815250922,0.0880989213565628
"CONUS","Southern Plains","Kansas",2020,0.993411862558991,0.108421927002787,0.0879383880900286
"CONUS","Southern Plains","Kansas",2021,0.993429680104089,0.108862417895992,0.0877904544883991
"CONUS","Southern Plains","Kansas",2022,0.993480763941075,0.109296896468256,0.0876457081617798
"CONUS","Southern Plains","Kansas",2023,0.993525089411147,0.109725484979703,0.0875040472017619
"CONUS","Southern Plains","Oklahoma",2010,0.993282238409967,0.103529891183894,0.118152675761251
"CONUS","Southern Plains","Oklahoma",2011,0.993254100014371,0.10406332034811,0.117399472831996
"CONUS","Southern Plains","Oklahoma",2012,0.993226631718698,0.104587895345397,0.116666264882307
"CONUS","Southern Plains","Oklahoma",2013,0.993208731380316,0.105103834811141,0.115952266143734
"CONUS","Southern Plains","Oklahoma",2014,0.993239628074609,0.105611350241161,0.115256731487935
"CONUS","Southern Plains","Oklahoma",2015,0.993261096902985,0.106110646280775,0.114578953832822
"CONUS","Southern Plains","Oklahoma",2016,0.993278706769027,0.106586333249871,0.113891762747381
"CONUS","Southern Plains","Oklahoma",2017,0.993335593571164,0.107055159524979,0.113220458240928
"CONUS","Southern Plains","Oklahoma",2018,0.99339206369816,0.107517272468092,0.112564495706405
"CONUS","Southern Plains","Oklahoma",2019,0.993454090982677,0.107972815250922,0.11192335514838
"CONUS","Southern Plains","Oklahoma",2020,0.993411862558991,0.108421927002787,0.111296539808286
"CONUS","Southern Plains","Oklahoma",2021,0.993429680104089,0.108862417895992,0.110693338217872
"CONUS","Southern Plains","Oklahoma",2022,0.993480763941075,0.109296896468256,0.110103132791507
"CONUS","Southern Plains","Oklahoma",2023,0.993525089411147,0.109725484979703,0.10952550799605
"CONUS","Southern Plains","Texas",2010,0.993282238409967,0.103529891183894,0.791985424895661
"CONUS","Southern Plains","Texas",2011,0.993254100014371,0.10406332034811,0.792966851811351
"CONUS","Southern Plains","Texas",2012,0.993226631718698,0.104587895345397,0.793922225175781
"CONUS","Southern Plains","Texas",2013,0.993208731380316,0.105103834811141,0.794852568848895
"CONUS","Southern Plains","Texas",2014,0.993239628074609,0.105611350241161,0.795758853736384
"CONUS","Southern Plains","Texas",2015,0.993261096902985,0.106110646280775,0.79664200116949
"CONUS","Southern Plains","Texas",2016,0.993278706769027,0.106586333249871,0.797505188314095
"CONUS","Southern Plains","Texas",2017,0.993335593571164,0.107055159524979,0.798348420178362
"CONUS","Southern Plains","Texas",2018,0.99339206369816,0.107517272468092,0.799172380848309
"CONUS","Southern Plains","Texas",2019,0.993454090982677,0.107972815250922,0.799977723495057
"CONUS","Southern Plains","Texas",2020,0.993411862558991,0.108421927002787,0.800765072101685
"CONUS","Southern Plains","Texas",2021,0.993429680104089,0.108862417895992,0.801516207293729
"CONUS","Southern Plains","Texas",2022,0.993480763941075,0.109296896468256,0.802251159046713
"CONUS","Southern Plains","Texas",2023,0.993525089411147,0.109725484979703,0.802970444802188
"CONUS","Southwest","Arizona",2010,0.993282238409967,0.183251921090694,0.113739418276381
"CONUS","Southwest","Arizona",2011,0.993254100014371,0.183968644357359,0.113506290005744
"CONUS","Southwest","Arizona",2012,0.993226631718698,0.184673471035179,0.113278796084259
"CONUS","Southwest","Arizona",2013,0.993208731380316,0.185366694885872,0.113056734690548
"CONUS","Southwest","Arizona",2014,0.993239628074609,0.186048600078328,0.112839913528439
"CONUS","Southwest","Arizona",2015,0.993261096902985,0.186719461577008,0.112628149271583
"CONUS","Southwest","Arizona",2016,0.993278706769027,0.187393801584151,0.112463603138214
"CONUS","Southwest","Arizona",2017,0.993335593571164,0.188058415782655,0.112302584858141
"CONUS","Southwest","Arizona",2018,0.99339206369816,0.188713513074792,0.112144982179447
"CONUS","Southwest","Arizona",2019,0.993454090982677,0.189359296422634,0.11199068756252
"CONUS","Southwest","Arizona",2020,0.993411862558991,0.189995963057702,0.111839597935354
"CONUS","Southwest","Arizona",2021,0.993429680104089,0.190602968105166,0.111749428953961
"CONUS","Southwest","Arizona",2022,0.993480763941075,0.191201688057038,0.111661051549377
"CONUS","Southwest","Arizona",2023,0.993525089411147,0.191792291390153,0.111574412851307
"CONUS","Southwest","California",2010,0.993282238409967,0.183251921090694,0.662896122449909
"CONUS","Southwest","California",2011,0.993254100014371,0.183968644357359,0.663516299836615
"CONUS","Southwest","California",2012,0.993226631718698,0.184673471035179,0.664121488496624
"CONUS","Southwest","California",2013,0.993208731380316,0.185366694885872,0.664712225323451
"CONUS","Southwest","California",2014,0.993239628074609,0.186048600078328,0.665289021871256
"CONUS","Southwest","California",2015,0.993261096902985,0.186719461577008,0.665852365832309
"CONUS","Southwest","California",2016,0.993278706769027,0.187393801584151,0.666483810613056
"CONUS","Southwest","California",2017,0.993335593571164,0.188058415782655,0.667101717278346
"CONUS","Southwest","California",2018,0.99339206369816,0.188713513074792,0.667706516594233
"CONUS","Southwest","California",2019,0.993454090982677,0.189359296422634,0.668298621243309
"CONUS","Southwest","California",2020,0.993411862558991,0.189995963057702,0.668878426763778
"CONUS","Southwest","California",2021,0.993429680104089,0.190602968105166,0.669399605933169
"CONUS","Southwest","California",2022,0.993480763941075,0.191201688057038,0.669910429739788
"CONUS","Southwest","California",2023,0.993525089411147,0.191792291390153,0.670411203775377
"CONUS","Southwest","Colorado",2010,0.993282238409967,0.183251921090694,0.0894894095929193
"CONUS","Southwest","Colorado",2011,0.993254100014371,0.183968644357359,0.0892486537118323
"CONUS","Southwest","Colorado",2012,0.993226631718698,0.184673471035179,0.0890137165274271
"CONUS","Southwest","Colorado",2013,0.993208731380316,0.185366694885872,0.0887843896150273
"CONUS","Southwest","Colorado",2014,0.993239628074609,0.186048600078328,0.0885604743868177
"CONUS","Southwest","Colorado",2015,0.993261096902985,0.186719461577008,0.0883417815182836
"CONUS","Southwest","Colorado",2016,0.993278706769027,0.187393801584151,0.0880908800985016
"CONUS","Southwest","Colorado",2017,0.993335593571164,0.188058415782655,0.0878453579810631
"CONUS","Southwest","Colorado",2018,0.99339206369816,0.188713513074792,0.0876050440032361
"CONUS","Southwest","Colorado",2019,0.993454090982677,0.189359296422634,0.0873697741876599
"CONUS","Southwest","Colorado",2020,0.993411862558991,0.189995963057702,0.0871393913692108
"CONUS","Southwest","Colorado",2021,0.993429680104089,0.190602968105166,0.0869102402242137
"CONUS","Southwest","Colorado",2022,0.993480763941075,0.191201688057038,0.0866856421069958
"CONUS","Southwest","Colorado",2023,0.993525089411147,0.191792291390153,0.0864654626555143
"CONUS","Southwest","Nevada",2010,0.993282238409967,0.183251921090694,0.0480535486319419
"CONUS","Southwest","Nevada",2011,0.993254100014371,0.183968644357359,0.0479288690214493
"CONUS","Southwest","Nevada",2012,0.993226631718698,0.184673471035179,0.0478072027239964
"CONUS","Southwest","Nevada",2013,0.993208731380316,0.185366694885872,0.047688441803248
"CONUS","Southwest","Nevada",2014,0.993239628074609,0.186048600078328,0.0475724834170583
"CONUS","Southwest","Nevada",2015,0.993261096902985,0.186719461577008,0.0474592295204423
"CONUS","Southwest","Nevada",2016,0.993278706769027,0.187393801584151,0.0473290846602191
"CONUS","Southwest","Nevada",2017,0.993335593571164,0.188058415782655,0.0472017300933
"CONUS","Southwest","Nevada",2018,0.99339206369816,0.188713513074792,0.047077077036011
"CONUS","Southwest","Nevada",2019,0.993454090982677,0.189359296422634,0.0469550404317961
"CONUS","Southwest","Nevada",2020,0.993411862558991,0.189995963057702,0.0468355387576688
"CONUS","Southwest","Nevada",2021,0.993429680104089,0.190602968105166,0.0467203542882432
"CONUS","Southwest","Nevada",2022,0.993480763941075,0.191201688057038,0.0466074584309431
"CONUS","Southwest","Nevada",2023,0.993525089411147,0.191792291390153,0.0464967836477225
"CONUS","Southwest","New Mexico",2010,0.993282238409967,0.183251921090694,0.0366409885309974
"CONUS","Southwest","New Mexico",2011,0.993254100014371,0.183968644357359,0.0367278061767757
"CONUS","Southwest","New Mexico",2012,0.993226631718698,0.184673471035179,0.036812525574548
"CONUS","Southwest","New Mexico",2013,0.993208731380316,0.185366694885872,0.0368952218831834
"CONUS","Southwest","New Mexico",2014,0.993239628074609,0.186048600078328,0.0369759667143347
"CONUS","Southwest","New Mexico",2015,0.993261096902985,0.186719461577008,0.0370548283392674
"CONUS","Southwest","New Mexico",2016,0.993278706769027,0.187393801584151,0.0370631133956158
"CONUS","Southwest","New Mexico",2017,0.993335593571164,0.188058415782655,0.0370712208211517
"CONUS","Southwest","New Mexico",2018,0.99339206369816,0.188713513074792,0.0370791562678675
"CONUS","Southwest","New Mexico",2019,0.993454090982677,0.189359296422634,0.0370869251504861
"CONUS","Southwest","New Mexico",2020,0.993411862558991,0.189995963057702,0.0370945326587824
"CONUS","Southwest","New Mexico",2021,0.993429680104089,0.190602968105166,0.0370846526528385
"CONUS","Southwest","New Mexico",2022,0.993480763941075,0.191201688057038,0.0370749689537536
"CONUS","Southwest","New Mexico",2023,0.993525089411147,0.191792291390153,0.0370654757684178
"CONUS","Southwest","Utah",2010,0.993282238409967,0.183251921090694,0.0491805125178509
"CONUS","Southwest","Utah",2011,0.993254100014371,0.183968644357359,0.0490720812475844
"CONUS","Southwest","Utah",2012,0.993226631718698,0.184673471035179,0.0489662705931452
"CONUS","Southwest","Utah",2013,0.993208731380316,0.185366694885872,0.0488629866845422
"CONUS","Southwest","Utah",2014,0.993239628074609,0.186048600078328,0.0487621400820951
"CONUS","Southwest","Utah",2015,0.993261096902985,0.186719461577008,0.0486636455181146
"CONUS","Southwest","Utah",2016,0.993278706769027,0.187393801584151,0.0485695080943943
"CONUS","Southwest","Utah",2017,0.993335593571164,0.188058415782655,0.0484773889679977
"CONUS","Southwest","Utah",2018,0.99339206369816,0.188713513074792,0.0483872239192057
"CONUS","Southwest","Utah",2019,0.993454090982677,0.189359296422634,0.0482989514242285
"CONUS","Southwest","Utah",2020,0.993411862558991,0.189995963057702,0.0482125125152057
"CONUS","Southwest","Utah",2021,0.993429680104089,0.190602968105166,0.0481357179475744
"CONUS","Southwest","Utah",2022,0.993480763941075,0.191201688057038,0.0480604492191429
"CONUS","Southwest","Utah",2023,0.993525089411147,0.191792291390153,0.0479866613016615
"Hawaii","Hawaii","Hawaii",2010,0.00440958393360262,1,1
"Hawaii","Hawaii","Hawaii",2011,0.00442758388722154,1,1
"Hawaii","Hawaii","Hawaii",2012,0.00444504075603826,1,1
"Hawaii","Hawaii","Hawaii",2013,0.00445745186434522,1,1
"Hawaii","Hawaii","Hawaii",2014,0.00444533848059789,1,1
"Hawaii","Hawaii","Hawaii",2015,0.00443662612472994,1,1
"Hawaii","Hawaii","Hawaii",2016,0.00442281003487909,1,1
"Hawaii","Hawaii","Hawaii",2017,0.00438531516993516,1,1
"Hawaii","Hawaii","Hawaii",2018,0.00435414833502983,1,1
"Hawaii","Hawaii","Hawaii",2019,0.00431156215589018,1,1
"Hawaii","Hawaii","Hawaii",2020,0.004377264274936,1,1
"Hawaii","Hawaii","Hawaii",2021,0.00435702290990645,1,1
"Hawaii","Hawaii","Hawaii",2022,0.00431899932754808,1,1
"Hawaii","Hawaii","Hawaii",2023,0.00428508263270883,1,1
